first_name,last_name,email,gender,age,car,job,favourite_film
Darrel,Bromley,dbromley0@twitpic.com,Male,75,Mazda,Legal Assistant,Drama
Jedediah,Mattek,jmattek1@csmonitor.com,Male,76,Renault,Financial Advisor,Action
Louisette,Lewer,llewer2@cloudflare.com,Female,39,Renault,Computer Systems Analyst IV,Thriller
Conny,Chappel,cchappel3@tumblr.com,Male,54,Renault,VP Sales,Comedy
Spenser,Hallibone,shallibone4@sciencedaily.com,Male,76,Opel,Senior Quality Engineer,Thriller
Aldrich,O'Downe,aodowne5@cisco.com,Male,36,Opel,Assistant Professor,Thriller
Rania,Lalonde,rlalonde6@umich.edu,Female,78,Renault,Research Assistant IV,Drama
Guglielmo,Heckner,gheckner7@columbia.edu,Male,38,Renault,Recruiting Manager,Action
Davy,Janouch,djanouch8@mail.ru,Male,31,Opel,Environmental Specialist,Drama
Raynor,Spon,rspon9@squarespace.com,Male,71,BMW,Environmental Specialist,Action
Magdalen,Watting,mwattinga@who.int,Female,40,Renault,Information Systems Manager,Drama
Tobiah,Greenway,tgreenwayb@latimes.com,Male,37,Renault,Nurse,Drama
Bertram,Bilbrook,bbilbrookc@plala.or.jp,Male,48,Renault,Paralegal,Thriller
Dodie,Fucher,dfucherd@chicagotribune.com,Female,77,Renault,Developer IV,Drama
Reggy,Pirazzi,rpirazzie@etsy.com,Male,73,Ford,Nurse Practicioner,Thriller
Claus,Moncrieffe,cmoncrieffef@ftc.gov,Male,34,Renault,Sales Associate,Drama
Lida,MacGillavery,lmacgillaveryg@chicagotribune.com,Female,74,Renault,Help Desk Technician,Thriller
Chrystel,Limpkin,climpkinh@storify.com,Female,73,Renault,Health Coach II,Drama
Worthington,McSharry,wmcsharryi@surveymonkey.com,Male,44,Opel,Software Test Engineer II,Thriller
Cilka,Applegarth,capplegarthj@canalblog.com,Female,58,Opel,Nuclear Power Engineer,Thriller
